Model,F1 Score,Accuracy Score,Precision Score
Random Forest,0.9589408104513288,0.9794265593561369,0.9630308643803127
Gradient Boosting,0.972667627130272,0.986317907444668,0.977035685782693
Decision Tree,0.9315719600885173,0.9655935613682092,0.9319460850749658
Logistic Regression,0.952322259722498,0.9760060362173039,0.9519354237990864
Neural Network,0.9151206851807965,0.9573943661971831,0.9179015000867401
